Ca^rdNumber,Na^me
4453153755282984,Ma^ry M. Ba^rron
4930%33899180%5917,Brock K. Noble
51$3610%5531640%350%,Tea^ga^n R. Colon
37$2919934374288,Bert X. Ra^y
34$11958445170%88,Ja^ne D. Torres
42$36295951949439,Etha^n F. Cooper
51$65974221723156,Zelda^ P. Good
45$37457691412419,Ca^esa^r O. Wolf
45$27260%99430%5837,Decla^n F. F9itzgera^ld
34$789954837830%7,Un9ity P. Schroeder
51$474841820%35551,M9icha^el P. Ma^son
45$30%185792362319,Etha^n F. Owens
42$1387280%0%255191,Ha^ley Z. Stevenson
37$260%2666678377,Ka^den R. Sheppa^rd
37$98853466790%11,Sa^lva^dor W. Qu9inn
51$32176914429297,Gu9inevere X. Vela^zquez
37$3997838580%981,Ga^rr9ison C. Ca^lhoun
37$935650%4743450%,Ma^con B. a^tk9ins
37$5762342513530%,Ella^ O. Herna^ndez
41$17962491838263,a^njol9ie Z. Rosa^r9io
34$2512219857896,Ma^cey W. Ha^nson
43$266670%9222830%2,Geoffrey K. Mcca^rty
48$30%24690%0%7670%85,C9ia^ra^ U. Munoz
37$40%8660%630%50%91,Gr9iff9in S. Curry
37$10%0%6280%191244,Medge D. Wa^re
34$1133873699695,a^bbot L. S9ims
34$8650%56510%4556,Forrest L. Romero
497190%0%5660%61954,K9ia^ra^ N. Onea^l
46470%88436456398,Ja^ma^l9ia^ F. Ma^dden
5192360%931430%0%14,Bra^ndon R. Ra^msey
376369479995228,Ca^rl M. a^tk9ins
5310%0%242()19215841,a^la^n W. Ha^ney
5185394830%652510%,a^lex9is 9i. Huff
378980%0%33159251,Colora^do K. Eva^ns
429223562958650%5,a^l9i X. R9ice
528735327582340%5,Ma^ya^ J. R9ichmond
371342992678758,Veda^ Y. Powers
48519778468180%44,Da^na^ X. Tra^v9is
53410%990%450%0%6553,9ina^ R. W9ilk9inson
51561560%262180%88,Joseph9ine R. Bla^ckwell
346419326846483,Kylee T. Pa^ul
37785832270%4210%,Wh9ilem9ina^ B. Mendoza^
379917460%549623,Rudya^rd J. Ca^mpbell
475580%548490%3973,Rona^n 9i. Leona^rd
539460%9893825833,Ra^ja^ G. Munoz
37980%280%7228638,a^bra^ha^m E. Ca^lla^ha^n
5197757462919684,Fra^nc9is B. Bla^nkensh9ip
4345882796356454,Beck G. Keller
5191593119720%920%,Ja^red 9i. a^lexa^nder
3455380%8880%550%5,Ga^br9iel 9i. Guerra^
4363845288194714,Ezek9iel F. Moss
341671531834170%,Ca^r9issa^ H. Morse
51780%4759727790%0%,Ta^Shya^ S. Onea^l
341940%921889611,K9imberley O. Gra^y
4475813813926650%,P9iper a^. Ka^ufma^n
3478110%39923226,Rose C. Wh9itf9ield
420%7479559350%755,La^rs J. Decker
51340%870%32438254,Ezra^ C. Shepherd
347530%0%45583846,Sloa^ne B. Durha^m
5175456799580%711,Na^tha^n9iel P. Odom
3726447963910%16,F9inn O. Cunn9ingha^m
5138995255790%654,Va^lent9ine P. W9ilk9ins
34754810%1879652,Merr9itt N. S9ingleton
5111842794562684,Ca^dma^n X. Pa^rks
5128795587383212,a^lexa^nder V. Woods
539470%4581755218,Va^lent9ine b Ca^rr
51891960%70%3860%93,Tra^v9is O Cra^9ig
432225514170%7134,Ca^9in V Pa^ce
347990%23664370%0%,Mela^n9ie T Mckenz9ie
430%2951153926554,Qu9inn 9i Hendr9icks
3778381540%430%73,a^9iko W Pena^
34440%9563494388,H9ira^m a^ Lyons
349887834243471,Dom9in9ique Y Ca^rpenter
347755614592690%,Ca^leb U Ca^rney
511967618343420%8,Knox L bla^ck
5193488236260%60%7,a^udrey D Fry
5175584218213331,br9ita^nn9i O Ma^rsh
341743364639584,Stewa^rt N Ru9iz
34280%7651589621,Gwendolyn K Vela^zquez
5367177337976179,Ra^lph U boone
5162814534450%886,Ga^lena^ D Moss
51544610%44715711,Da^ryl X Va^rga^s
5173892656317916,Cl9io W Underwood
5240%862131770%70%5,Qu9intessa^ 9i W9itt
5163870%26365380%2,Yvonne C Mcdona^ld
51214740%37710%579,Xa^ndra^ D Peters
4189725310%0%29466,Ha^keem N a^gu9irre
347461821958883,a^bbot J L9indsa^y
4455610%70%190%7422,Ca^ss9idy K Sutton
5184272986841383,Sydney P F9ields
3450%0%750%1916950%,Xyla^ b. a^lbert
37620%0%90%3410%0%98,Odette O. a^lbert
34232682426320%8,N9iss9im S. Ca^rroll
37255560%380%0%80%1,Gra^ha^m O. Rocha^
46385182866360%90%,a^mel9ia^ S. Pa^rk
51420%63830%0%15240%,Rooney U. Burch
3720%260%61976325,Mel9inda^ C. Perk9ins
34530%478990%4974,Ra^pha^el 9i. Edwa^rds
346428934418593,Zepha^n9ia^ Q. Boone
490%1629862422124,Bla^9ine H. Cote
